EnvironmentSatisfaction,No,Yes,Rate
1,212,72,25.352112676056336
2,244,43,14.982578397212542
3,391,62,13.686534216335541
4,386,60,13.452914798206278
