JobSatisfaction,No,Yes,Rate
1,223,66,22.837370242214533
2,234,46,16.428571428571427
3,369,73,16.515837104072396
4,407,52,11.328976034858387
