RelationshipSatisfaction,No,Yes,Rate
1,219,57,20.652173913043477
2,258,45,14.85148514851485
3,388,71,15.468409586056644
4,368,64,14.814814814814813
