WorkLifeBalance,No,Yes,Rate
1,55,25,31.25
2,286,58,16.86046511627907
3,766,127,14.221724524076148
4,126,27,17.647058823529413
